{
    "name": "root",
    "gauges": {
        "BoomBehaviour.Policy.Entropy.mean": {
            "value": 1.7221906185150146,
            "min": 1.4073938131332397,
            "max": 3.8598334789276123,
            "count": 6446
        },
        "BoomBehaviour.Policy.Entropy.sum": {
            "value": 924.8163452148438,
            "min": 685.7935791015625,
            "max": 2013.848388671875,
            "count": 6446
        },
        "BoomBehaviour.Step.mean": {
            "value": 3222987.0,
            "min": 483.0,
            "max": 3222987.0,
            "count": 6446
        },
        "BoomBehaviour.Step.sum": {
            "value": 3222987.0,
            "min": 483.0,
            "max": 3222987.0,
            "count": 6446
        },
        "BoomBehaviour.Policy.ExtrinsicValueEstimate.mean": {
            "value": 2.3126866817474365,
            "min": -0.3905186355113983,
            "max": 2.8647677898406982,
            "count": 6446
        },
        "BoomBehaviour.Policy.ExtrinsicValueEstimate.sum": {
            "value": 34.69029998779297,
            "min": -3.905186414718628,
            "max": 41.814693450927734,
            "count": 6446
        },
        "BoomBehaviour.Environment.EpisodeLength.mean": {
            "value": 68.57142857142857,
            "min": 52.888888888888886,
            "max": 98.2,
            "count": 6446
        },
        "BoomBehaviour.Environment.EpisodeLength.sum": {
            "value": 480.0,
            "min": 401.0,
            "max": 588.0,
            "count": 6446
        },
        "BoomBehaviour.Environment.CumulativeReward.mean": {
            "value": 23.87500101327896,
            "min": 11.399999952316284,
            "max": 27.125000596046448,
            "count": 6446
        },
        "BoomBehaviour.Environment.CumulativeReward.sum": {
            "value": 191.0000081062317,
            "min": 56.99999976158142,
            "max": 269.0000047683716,
            "count": 6446
        },
        "BoomBehaviour.Policy.ExtrinsicReward.mean": {
            "value": 23.87500101327896,
            "min": 11.399999952316284,
            "max": 27.125000596046448,
            "count": 6446
        },
        "BoomBehaviour.Policy.ExtrinsicReward.sum": {
            "value": 191.0000081062317,
            "min": 56.99999976158142,
            "max": 269.0000047683716,
            "count": 6446
        },
        "BoomBehaviour.IsTraining.mean": {
            "value": 1.0,
            "min": 1.0,
            "max": 1.0,
            "count": 6446
        },
        "BoomBehaviour.IsTraining.sum": {
            "value": 1.0,
            "min": 1.0,
            "max": 1.0,
            "count": 6446
        },
        "BoomBehaviour.Losses.PolicyLoss.mean": {
            "value": 0.08901965611520508,
            "min": 0.07441902394380627,
            "max": 0.10328986159875057,
            "count": 712
        },
        "BoomBehaviour.Losses.PolicyLoss.sum": {
            "value": 0.08901965611520508,
            "min": 0.07441902394380627,
            "max": 0.10328986159875057,
            "count": 712
        },
        "BoomBehaviour.Losses.ValueLoss.mean": {
            "value": 1.854705686039395,
            "min": 0.2732036312421163,
            "max": 2.038551088836458,
            "count": 712
        },
        "BoomBehaviour.Losses.ValueLoss.sum": {
            "value": 1.854705686039395,
            "min": 0.2732036312421163,
            "max": 2.038551088836458,
            "count": 712
        },
        "BoomBehaviour.Policy.LearningRate.mean": {
            "value": 9.967793052174774e-05,
            "min": 9.967793052174774e-05,
            "max": 9.999954530045425e-05,
            "count": 712
        },
        "BoomBehaviour.Policy.LearningRate.sum": {
            "value": 9.967793052174774e-05,
            "min": 9.967793052174774e-05,
            "max": 9.999954530045425e-05,
            "count": 712
        },
        "BoomBehaviour.Policy.Epsilon.mean": {
            "value": 0.19967793019967794,
            "min": 0.19967793019967794,
            "max": 0.19999954529999955,
            "count": 712
        },
        "BoomBehaviour.Policy.Epsilon.sum": {
            "value": 0.19967793019967794,
            "min": 0.19967793019967794,
            "max": 0.19999954529999955,
            "count": 712
        },
        "BoomBehaviour.Policy.Beta.mean": {
            "value": 0.0009968115089768117,
            "min": 0.0009968115089768117,
            "max": 0.0009999954984699956,
            "count": 712
        },
        "BoomBehaviour.Policy.Beta.sum": {
            "value": 0.0009968115089768117,
            "min": 0.0009968115089768117,
            "max": 0.0009999954984699956,
            "count": 712
        }
    },
    "metadata": {
        "timer_format_version": "0.1.0",
        "start_time_seconds": "1686019157",
        "python_version": "3.8.16 (default, Mar  2 2023, 03:18:16) [MSC v.1916 64 bit (AMD64)]",
        "command_line_arguments": "C:\\Users\\Warren\\anaconda3\\envs\\Python38\\Scripts\\mlagents-learn config/boom.yaml --run-id=Test24",
        "mlagents_version": "0.30.0",
        "mlagents_envs_version": "0.30.0",
        "communication_protocol_version": "1.5.0",
        "pytorch_version": "1.7.1+cu110",
        "numpy_version": "1.21.2",
        "end_time_seconds": "1686045343"
    },
    "total": 26185.863089799997,
    "count": 1,
    "self": 0.0065402000000176486,
    "children": {
        "run_training.setup": {
            "total": 0.095669,
            "count": 1,
            "self": 0.095669
        },
        "TrainerController.start_learning": {
            "total": 26185.7608806,
            "count": 1,
            "self": 60.5088404975977,
            "children": {
                "TrainerController._reset_env": {
                    "total": 22.3494847,
                    "count": 1,
                    "self": 22.3494847
                },
                "TrainerController.advance": {
                    "total": 26102.8237678024,
                    "count": 3265746,
                    "self": 57.037274700560374,
                    "children": {
                        "env_step": {
                            "total": 24016.774956199697,
                            "count": 3265746,
                            "self": 15769.208030603768,
                            "children": {
                                "SubprocessEnvManager._take_step": {
                                    "total": 8206.486750097418,
                                    "count": 3265746,
                                    "self": 160.07324009200784,
                                    "children": {
                                        "TorchPolicy.evaluate": {
                                            "total": 8046.41351000541,
                                            "count": 3223103,
                                            "self": 8046.41351000541
                                        }
                                    }
                                },
                                "workers": {
                                    "total": 41.08017549851159,
                                    "count": 3265745,
                                    "self": 0.0,
                                    "children": {
                                        "worker_root": {
                                            "total": 26012.777032299444,
                                            "count": 3265745,
                                            "is_parallel": true,
                                            "self": 13125.70147450121,