{
    "name": "root",
    "gauges": {
        "BoomBehaviour.Policy.Entropy.mean": {
            "value": 4.584734916687012,
            "min": 4.584734916687012,
            "max": 4.584841728210449,
            "count": 2
        },
        "BoomBehaviour.Policy.Entropy.sum": {
            "value": 2296.9521484375,
            "min": 2292.4208984375,
            "max": 2296.9521484375,
            "count": 2
        },
        "BoomBehaviour.Environment.EpisodeLength.mean": {
            "value": 4.01,
            "min": 4.0,
            "max": 4.01,
            "count": 2
        },
        "BoomBehaviour.Environment.EpisodeLength.sum": {
            "value": 401.0,
            "min": 400.0,
            "max": 401.0,
            "count": 2
        },
        "BoomBehaviour.Step.mean": {
            "value": 996.0,
            "min": 495.0,
            "max": 996.0,
            "count": 2
        },
        "BoomBehaviour.Step.sum": {
            "value": 996.0,
            "min": 495.0,
            "max": 996.0,
            "count": 2
        },
        "BoomBehaviour.Policy.ExtrinsicValueEstimate.mean": {
            "value": 0.3865949213504791,
            "min": 0.048368267714977264,
            "max": 0.3865949213504791,
            "count": 2
        },
        "BoomBehaviour.Policy.ExtrinsicValueEstimate.sum": {
            "value": 38.65949249267578,
            "min": 4.788458347320557,
            "max": 38.65949249267578,
            "count": 2
        },
        "BoomBehaviour.Environment.CumulativeReward.mean": {
            "value": 17.0,
            "min": 17.0,
            "max": 18.585858585858585,
            "count": 2
        },
        "BoomBehaviour.Environment.CumulativeReward.sum": {
            "value": 1700.0,
            "min": 1700.0,
            "max": 1840.0,
            "count": 2
        },
        "BoomBehaviour.Policy.ExtrinsicReward.mean": {
            "value": 17.0,
            "min": 17.0,
            "max": 18.585858585858585,
            "count": 2
        },
        "BoomBehaviour.Policy.ExtrinsicReward.sum": {
            "value": 1700.0,
            "min": 1700.0,
            "max": 1840.0,
            "count": 2
        },
        "BoomBehaviour.Losses.PolicyLoss.mean": {
            "value": 0.0785126849853744,
            "min": 0.0785126849853744,
            "max": 0.1124931654582421,
            "count": 2
        },
        "BoomBehaviour.Losses.PolicyLoss.sum": {
            "value": 0.1570253699707488,
            "min": 0.1124931654582421,
            "max": 0.1570253699707488,
            "count": 2
        },
        "BoomBehaviour.Losses.ValueLoss.mean": {
            "value": 306.1823895772298,
            "min": 265.15031814575195,
            "max": 306.1823895772298,
            "count": 2
        },
        "BoomBehaviour.Losses.ValueLoss.sum": {
            "value": 612.3647791544596,
            "min": 265.15031814575195,
            "max": 612.3647791544596,
            "count": 2
        },
        "BoomBehaviour.Policy.LearningRate.mean": {
            "value": 0.0009999993500000642,
            "min": 0.0009999993500000642,
            "max": 0.000999999740000026,
            "count": 2
        },
        "BoomBehaviour.Policy.LearningRate.sum": {
            "value": 0.0019999987000001284,
            "min": 0.000999999740000026,
            "max": 0.0019999987000001284,
            "count": 2
        },
        "BoomBehaviour.Policy.Epsilon.mean": {
            "value": 0.19999993499999996,
            "min": 0.19999993499999996,
            "max": 0.19999997399999994,
            "count": 2
        },
        "BoomBehaviour.Policy.Epsilon.sum": {
            "value": 0.3999998699999999,
            "min": 0.19999997399999994,
            "max": 0.3999998699999999,
            "count": 2
        },
        "BoomBehaviour.Policy.Beta.mean": {
            "value": 0.0010000000000000002,
            "min": 0.0010000000000000002,
            "max": 0.0010000000000000002,
            "count": 2
        },
        "BoomBehaviour.Policy.Beta.sum": {
            "value": 0.0020000000000000005,
            "min": 0.0010000000000000002,
            "max": 0.0020000000000000005,
            "count": 2
        },
        "BoomBehaviour.IsTraining.mean": {
            "value": 1.0,
            "min": 1.0,
            "max": 1.0,
            "count": 2
        },
        "BoomBehaviour.IsTraining.sum": {
            "value": 1.0,
            "min": 1.0,
            "max": 1.0,
            "count": 2
        }
    },
    "metadata": {
        "timer_format_version": "0.1.0",
        "start_time_seconds": "1685673702",
        "python_version": "3.8.16 (default, Mar  2 2023, 03:18:16) [MSC v.1916 64 bit (AMD64)]",
        "command_line_arguments": "C:\\Users\\Warren\\anaconda3\\envs\\Python38\\Scripts\\mlagents-learn config/boom.yaml --run-id=TestMasking --force",
        "mlagents_version": "0.30.0",
        "mlagents_envs_version": "0.30.0",
        "communication_protocol_version": "1.5.0",
        "pytorch_version": "1.7.1+cu110",
        "numpy_version": "1.21.2",
        "end_time_seconds": "1685673829"
    },
    "total": 127.02086249999999,
    "count": 1,
    "self": 10.006292200000004,
    "children": {
        "run_training.setup": {
            "total": 0.09853210000000012,
            "count": 1,
            "self": 0.09853210000000012
        },
        "TrainerController.start_learning": {
            "total": 116.91603819999999,
            "count": 1,
            "self": 0.029755499999907897,
            "children": {
                "TrainerController._reset_env": {
                    "total": 7.388409500000001,
                    "count": 1,
                    "self": 7.388409500000001
                },
                "TrainerController.advance": {
                    "total": 109.40813690000009,
                    "count": 1448,
                    "self": 0.025965799999937644,
                    "children": {
                        "env_step": {
                            "total": 107.74961860000016,
                            "count": 1448,
                            "self": 103.09191290000047,
                            "children": {
                                "SubprocessEnvManager._take_step": {
                                    "total": 4.640080699999778,
                                    "count": 1449,
                                    "self": 0.07074409999988873,
                                    "children": {
                                        "TorchPolicy.evaluate": {
                                            "total": 4.56933659999989,
                                            "count": 1447,
                                            "self": 4.56933659999989
                                        }
                                    }
                                },
                                "workers": {
                                    "total": 0.017624999999910074,
                                    "count": 1447,
                                    "self": 0.0,
                                    "children": {
                                        "worker_root": {
                                            "total": 89.16379109999974,
                                            "count": 1447,
                                            "is_parallel": true,
                                            "self": 8.797980399999759,
                                            "children": {
                                                "steps_from_proto": {
                                                    "total": 0.0006914000000000087,
                                                    "count": 2,
                                                    "is_parallel": true,
                                                    "self": 0.0003584999999999283,