{
    "name": "root",
    "gauges": {
        "BoomBehaviour.Policy.Entropy.mean": {
            "value": 1.36011803150177,
            "min": 1.1604663133621216,
            "max": 3.851025104522705,
            "count": 14976
        },
        "BoomBehaviour.Policy.Entropy.sum": {
            "value": 670.5382080078125,
            "min": 534.176513671875,
            "max": 2029.80615234375,
            "count": 14976
        },
        "BoomBehaviour.Step.mean": {
            "value": 7487973.0,
            "min": 493.0,
            "max": 7487973.0,
            "count": 14976
        },
        "BoomBehaviour.Step.sum": {
            "value": 7487973.0,
            "min": 493.0,
            "max": 7487973.0,
            "count": 14976
        },
        "BoomBehaviour.Policy.ExtrinsicValueEstimate.mean": {
            "value": 1.627363920211792,
            "min": -0.15204420685768127,
            "max": 2.294320583343506,
            "count": 14976
        },
        "BoomBehaviour.Policy.ExtrinsicValueEstimate.sum": {
            "value": 21.155731201171875,
            "min": -1.6724863052368164,
            "max": 33.50798797607422,
            "count": 14976
        },
        "BoomBehaviour.Environment.EpisodeLength.mean": {
            "value": 69.42857142857143,
            "min": 55.55555555555556,
            "max": 98.2,
            "count": 14976
        },
        "BoomBehaviour.Environment.EpisodeLength.sum": {
            "value": 486.0,
            "min": 398.0,
            "max": 590.0,
            "count": 14976
        },
        "BoomBehaviour.Environment.CumulativeReward.mean": {
            "value": 25.18571444920131,
            "min": 14.219999980926513,
            "max": 28.249999940395355,
            "count": 14976
        },
        "BoomBehaviour.Environment.CumulativeReward.sum": {
            "value": 176.30000114440918,
            "min": 71.09999990463257,
            "max": 249.20000076293945,
            "count": 14976
        },
        "BoomBehaviour.Policy.ExtrinsicReward.mean": {
            "value": 25.18571444920131,
            "min": 14.219999980926513,
            "max": 28.249999940395355,
            "count": 14976
        },
        "BoomBehaviour.Policy.ExtrinsicReward.sum": {
            "value": 176.30000114440918,
            "min": 71.09999990463257,
            "max": 249.20000076293945,
            "count": 14976
        },
        "BoomBehaviour.IsTraining.mean": {
            "value": 1.0,
            "min": 1.0,
            "max": 1.0,
            "count": 14976
        },
        "BoomBehaviour.IsTraining.sum": {
            "value": 1.0,
            "min": 1.0,
            "max": 1.0,
            "count": 14976
        },
        "BoomBehaviour.Losses.PolicyLoss.mean": {
            "value": 0.08925217945429989,
            "min": 0.07640841933959498,
            "max": 0.10888428111207592,
            "count": 1818
        },
        "BoomBehaviour.Losses.PolicyLoss.sum": {
            "value": 0.08925217945429989,
            "min": 0.07640841933959498,
            "max": 0.10888428111207592,
            "count": 1818
        },
        "BoomBehaviour.Losses.ValueLoss.mean": {
            "value": 1.077117400231704,
            "min": 0.3783102169925091,
            "max": 1.1770422914448906,
            "count": 1818
        },
        "BoomBehaviour.Losses.ValueLoss.sum": {
            "value": 1.077117400231704,
            "min": 0.3783102169925091,
            "max": 1.1770422914448906,
            "count": 1818
        },
        "BoomBehaviour.Policy.LearningRate.mean": {
            "value": 9.925130624794581e-05,
            "min": 9.925130624794581e-05,
            "max": 9.999958720041237e-05,
            "count": 1818
        },
        "BoomBehaviour.Policy.LearningRate.sum": {
            "value": 9.925130624794581e-05,
            "min": 9.925130624794581e-05,
            "max": 9.999958720041237e-05,
            "count": 1818
        },
        "BoomBehaviour.Policy.Epsilon.mean": {
            "value": 0.19925130549925132,
            "min": 0.19925130549925132,
            "max": 0.19999958719999958,
            "count": 1818
        },
        "BoomBehaviour.Policy.Epsilon.sum": {
            "value": 0.19925130549925132,
            "min": 0.19925130549925132,
            "max": 0.19999958719999958,
            "count": 1818
        },
        "BoomBehaviour.Policy.Beta.mean": {
            "value": 0.0010000000000000002,
            "min": 0.0010000000000000002,
            "max": 0.0010000000000000002,
            "count": 1818
        },
        "BoomBehaviour.Policy.Beta.sum": {
            "value": 0.0010000000000000002,
            "min": 0.0010000000000000002,
            "max": 0.0010000000000000002,
            "count": 1818
        }
    },
    "metadata": {
        "timer_format_version": "0.1.0",
        "start_time_seconds": "1685851358",
        "python_version": "3.8.16 (default, Mar  2 2023, 03:18:16) [MSC v.1916 64 bit (AMD64)]",
        "command_line_arguments": "C:\\Users\\Warren\\anaconda3\\envs\\Python38\\Scripts\\mlagents-learn config/boom.yaml --run-id=Test15",
        "mlagents_version": "0.30.0",
        "mlagents_envs_version": "0.30.0",
        "communication_protocol_version": "1.5.0",
        "pytorch_version": "1.7.1+cu110",
        "numpy_version": "1.21.2",
        "end_time_seconds": "1685918609"
    },
    "total": 67252.5536156,
    "count": 1,
    "self": 0.007848499997635372,
    "children": {
        "run_training.setup": {
            "total": 0.10409639999999998,
            "count": 1,
            "self": 0.10409639999999998
        },
        "TrainerController.start_learning": {
            "total": 67252.4416707,
            "count": 1,
            "self": 142.56390791377635,
            "children": {
                "TrainerController._reset_env": {
                    "total": 7.2857650000000005,
                    "count": 1,
                    "self": 7.2857650000000005
                },
                "TrainerController.advance": {
                    "total": 67102.52420258622,
                    "count": 7586523,
                    "self": 128.698655682354,
                    "children": {
                        "env_step": {
                            "total": 62727.53297230246,
                            "count": 7586523,
                            "self": 43084.6048413146,
                            "children": {
                                "SubprocessEnvManager._take_step": {
                                    "total": 19548.437713797517,
                                    "count": 7586523,
                                    "self": 357.2226485822757,
                                    "children": {
                                        "TorchPolicy.evaluate": {
                                            "total": 19191.21506521524,
                                            "count": 7488459,
                                            "self": 19191.21506521524
                                        }
                                    }
                                },
                                "workers": {
                                    "total": 94.49041719034706,
                                    "count": 7586522,
                                    "self": 0.0,
                                    "children": {
                                        "worker_root": {
                                            "total": 66991.92043829439,
                                            "count": 7586522,
                                            "is_parallel": true,
                                            "self": 30473.756202087563,