{
    "name": "root",
    "metadata": {
        "timer_format_version": "0.1.0",
        "start_time_seconds": "1685606154",
        "python_version": "3.8.16 (default, Mar  2 2023, 03:18:16) [MSC v.1916 64 bit (AMD64)]",
        "command_line_arguments": "C:\\Users\\Warren\\anaconda3\\envs\\Python38\\Scripts\\mlagents-learn config/boom.yaml --run-id=boomTest--resume",
        "mlagents_version": "0.30.0",
        "mlagents_envs_version": "0.30.0",
        "communication_protocol_version": "1.5.0",
        "pytorch_version": "1.7.1+cu110",
        "numpy_version": "1.21.2",
        "end_time_seconds": "1685606290"
    },
    "total": 136.356058,
    "count": 1,
    "self": 0.006665400000002819,
    "children": {
        "run_training.setup": {
            "total": 0.10290650000000001,
            "count": 1,
            "self": 0.10290650000000001
        },
        "TrainerController.start_learning": {
            "total": 136.2464861,
            "count": 1,
            "self": 0.005871399999961113,
            "children": {
                "TrainerController._reset_env": {
                    "total": 11.0058403,
                    "count": 1,
                    "self": 11.0058403
                },
                "TrainerController.advance": {
                    "total": 125.13576900000004,
                    "count": 324,
                    "self": 0.00540980000003799,
                    "children": {
                        "env_step": {
                            "total": 124.94083000000002,
                            "count": 324,
                            "self": 123.4832848,
                            "children": {
                                "SubprocessEnvManager._take_step": {
                                    "total": 1.4540319000000075,
                                    "count": 324,
                                    "self": 0.016035599999995043,
                                    "children": {
                                        "TorchPolicy.evaluate": {
                                            "total": 1.4379963000000124,
                                            "count": 324,
                                            "self": 1.4379963000000124
                                        }
                                    }
                                },
                                "workers": {
                                    "total": 0.003513300000001607,
                                    "count": 323,
                                    "self": 0.0,
                                    "children": {
                                        "worker_root": {
                                            "total": 5.002740700000002,
                                            "count": 323,
                                            "is_parallel": true,
                                            "self": 3.250706599999978,
                                            "children": {
                                                "steps_from_proto": {
                                                    "total": 0.00042600000000092564,
                                                    "count": 1,
                                                    "is_parallel": true,
                                                    "self": 0.00020790000000125985,
                                                    "children": {
                                                        "_process_rank_one_or_two_observation": {
                                                            "total": 0.00021809999999966578,
                                                            "count": 2,
                                                            "is_parallel": true,
                                                            "self": 0.00021809999999966578
                                                        }
                                                    }
                                                },
                                                "UnityEnvironment.step": {
                                                    "total": 1.7516081000000234,
                                                    "count": 323,
                                                    "is_parallel": true,
                                                    "self": 0.02239100000006644,
                                                    "children": {
                                                        "UnityEnvironment._generate_step_input": {
                                                            "total": 0.018772199999967043,
                                                            "count": 323,
                                                            "is_parallel": true,
                                                            "self": 0.018772199999967043
                                                        },
                                                        "communicator.exchange": {
                                                            "total": 1.6362256999999953,
                                                            "count": 323,
                                                            "is_parallel": true,
                                                            "self": 1.6362256999999953
                                                        },
                                                        "steps_from_proto": {
                                                            "total": 0.0742191999999946,
                                                            "count": 323,
                                                            "is_parallel": true,
                                                            "self": 0.04741239999997404,
                                                            "children": {
                                                                "_process_rank_one_or_two_observation": {
                                                                    "total": 0.02680680000002056,
                                                                    "count": 646,
                                                                    "is_parallel": true,
                                                                    "self": 0.02680680000002056
                                                                }
                                                            }
                                                        }
                                                    }
                                                }
                                            }
                                        }
                                    }
                                }
                            }
                        },
                        "trainer_advance": {
                            "total": 0.18952919999998663,
                            "count": 323,
                            "self": 0.006524499999994049,
                            "children": {
                                "process_trajectory": {
                                    "total": 0.02655979999999225,
                                    "count": 323,
                                    "self": 0.02655979999999225
                                },
                                "_update_policy": {
                                    "total": 0.15644490000000033,
                                    "count": 1,
                                    "self": 0.03973069999999801,
                                    "children": {
                                        "TorchPPOOptimizer.update": {
                                            "total": 0.11671420000000232,
                                            "count": 15,