{
    "name": "root",
    "gauges": {
        "BoomBehaviour.Policy.Entropy.mean": {
            "value": 1.4242165088653564,
            "min": 0.9662904739379883,
            "max": 3.870203733444214,
            "count": 12123
        },
        "BoomBehaviour.Policy.Entropy.sum": {
            "value": 677.9270629882812,
            "min": 466.74932861328125,
            "max": 2055.314453125,
            "count": 12123
        },
        "BoomBehaviour.Step.mean": {
            "value": 6061492.0,
            "min": 484.0,
            "max": 6061492.0,
            "count": 12123
        },
        "BoomBehaviour.Step.sum": {
            "value": 6061492.0,
            "min": 484.0,
            "max": 6061492.0,
            "count": 12123
        },
        "BoomBehaviour.Policy.ExtrinsicValueEstimate.mean": {
            "value": 1.5445340871810913,
            "min": -0.2646274268627167,
            "max": 2.7775299549102783,
            "count": 12123
        },
        "BoomBehaviour.Policy.ExtrinsicValueEstimate.sum": {
            "value": 20.078943252563477,
            "min": -2.6462743282318115,
            "max": 44.44047927856445,
            "count": 12123
        },
        "BoomBehaviour.Environment.EpisodeLength.mean": {
            "value": 67.0,
            "min": 46.7,
            "max": 97.6,
            "count": 12123
        },
        "BoomBehaviour.Environment.EpisodeLength.sum": {
            "value": 469.0,
            "min": 399.0,
            "max": 586.0,
            "count": 12123
        },
        "BoomBehaviour.Environment.CumulativeReward.mean": {
            "value": 21.635716233934676,
            "min": 10.98999992609024,
            "max": 24.466667811075848,
            "count": 12123
        },
        "BoomBehaviour.Environment.CumulativeReward.sum": {
            "value": 151.45001363754272,
            "min": 54.9499996304512,
            "max": 243.40003061294556,
            "count": 12123
        },
        "BoomBehaviour.Policy.ExtrinsicReward.mean": {
            "value": 21.635716233934676,
            "min": 10.98999992609024,
            "max": 24.466667811075848,
            "count": 12123
        },
        "BoomBehaviour.Policy.ExtrinsicReward.sum": {
            "value": 151.45001363754272,
            "min": 54.9499996304512,
            "max": 243.40003061294556,
            "count": 12123
        },
        "BoomBehaviour.IsTraining.mean": {
            "value": 1.0,
            "min": 1.0,
            "max": 1.0,
            "count": 12123
        },
        "BoomBehaviour.IsTraining.sum": {
            "value": 1.0,
            "min": 1.0,
            "max": 1.0,
            "count": 12123
        },
        "BoomBehaviour.Losses.PolicyLoss.mean": {
            "value": 0.10613986324218179,
            "min": 0.08647403704623381,
            "max": 0.12011181473111113,
            "count": 1340
        },
        "BoomBehaviour.Losses.PolicyLoss.sum": {
            "value": 0.10613986324218179,
            "min": 0.08647403704623381,
            "max": 0.12011181473111113,
            "count": 1340
        },
        "BoomBehaviour.Losses.ValueLoss.mean": {
            "value": 0.9209234732720587,
            "min": 0.24148160301976734,
            "max": 1.0798279242383109,
            "count": 1340
        },
        "BoomBehaviour.Losses.ValueLoss.sum": {
            "value": 0.9209234732720587,
            "min": 0.24148160301976734,
            "max": 1.0798279242383109,
            "count": 1340
        },
        "BoomBehaviour.Policy.LearningRate.mean": {
            "value": 9.939405840533626e-05,
            "min": 9.939405840533626e-05,
            "max": 9.999954820045134e-05,
            "count": 1340
        },
        "BoomBehaviour.Policy.LearningRate.sum": {
            "value": 9.939405840533626e-05,
            "min": 9.939405840533626e-05,
            "max": 9.999954820045134e-05,
            "count": 1340
        },
        "BoomBehaviour.Policy.Epsilon.mean": {
            "value": 0.2987881155987881,
            "min": 0.2987881155987881,
            "max": 0.2999990963999992,
            "count": 1340
        },
        "BoomBehaviour.Policy.Epsilon.sum": {
            "value": 0.2987881155987881,
            "min": 0.2987881155987881,
            "max": 0.2999990963999992,
            "count": 1340
        },
        "BoomBehaviour.Policy.Beta.mean": {
            "value": 0.0010000000000000002,
            "min": 0.0010000000000000002,
            "max": 0.0010000000000000002,
            "count": 1340
        },
        "BoomBehaviour.Policy.Beta.sum": {
            "value": 0.0010000000000000002,
            "min": 0.0010000000000000002,
            "max": 0.0010000000000000002,
            "count": 1340
        }
    },
    "metadata": {
        "timer_format_version": "0.1.0",
        "start_time_seconds": "1686034666",
        "python_version": "3.8.16 (default, Mar  2 2023, 03:18:16) [MSC v.1916 64 bit (AMD64)]",
        "command_line_arguments": "C:\\Users\\succu\\anaconda3\\envs\\python38\\Scripts\\mlagents-learn config/boom.yaml --run-id=Test26",
        "mlagents_version": "0.30.0",
        "mlagents_envs_version": "0.30.0",
        "communication_protocol_version": "1.5.0",
        "pytorch_version": "1.7.1+cu110",
        "numpy_version": "1.21.2",
        "end_time_seconds": "1686086435"
    },
    "total": 51769.2769823,
    "count": 1,
    "self": 0.01082759999553673,
    "children": {
        "run_training.setup": {
            "total": 0.07674310000000006,
            "count": 1,
            "self": 0.07674310000000006
        },
        "TrainerController.start_learning": {
            "total": 51769.189411600004,
            "count": 1,
            "self": 123.57268728574854,
            "children": {
                "TrainerController._reset_env": {
                    "total": 7.3917611,
                    "count": 1,
                    "self": 7.3917611
                },
                "TrainerController.advance": {
                    "total": 51638.105436414255,
                    "count": 6149906,
                    "self": 111.61539612132765,
                    "children": {
                        "env_step": {
                            "total": 46680.733335894096,
                            "count": 6149906,
                            "self": 28496.486052797707,
                            "children": {
                                "SubprocessEnvManager._take_step": {
                                    "total": 18106.771280701934,
                                    "count": 6149906,
                                    "self": 338.28214020646556,
                                    "children": {
                                        "TorchPolicy.evaluate": {
                                            "total": 17768.48914049547,
                                            "count": 6061702,
                                            "self": 17768.48914049547
                                        }
                                    }
                                },
                                "workers": {
                                    "total": 77.47600239445485,
                                    "count": 6149905,
                                    "self": 0.0,
                                    "children": {
                                        "worker_root": {
                                            "total": 51533.85202499324,
                                            "count": 6149905,
                                            "is_parallel": true,
                                            "self": 28346.404326497584,