{"count":1,"self":2993.750016,"total":3719.6440297,"children":{"InitializeActuators":{"count":2,"self":0.0019998,"total":0.0019998,"children":null},"InitializeSensors":{"count":2,"self":0.0020003,"total":0.0020003,"children":null},"AgentSendState":{"count":1477084,"self":1.522737,"total":20.9514635,"children":{"CollectObservations":{"count":73855,"self":0.48853599999999997,"total":0.48853599999999997,"children":null},"WriteActionMask":{"count":73855,"self":17.217831999999998,"total":17.2178321,"children":null},"RequestDecision":{"count":73855,"self":0.34182239999999997,"total":1.7223583999999998,"children":{"AgentInfo.ToProto":{"count":73855,"self":0.5090887,"total":1.380536,"children":{"GenerateSensorData":{"count":73855,"self":0.87144729999999992,"total":0.87144729999999992,"children":null}}}}}}},"DecideAction":{"count":1477084,"self":682.21982719999994,"total":682.21981829999993,"children":null},"AgentAct":{"count":1477084,"self":22.705217599999997,"total":22.717681,"children":{"AgentInfo.ToProto":{"count":769,"self":0.0065065,"total":0.012462899999999999,"children":{"GenerateSensorData":{"count":769,"self":0.0059564,"total":0.0059564,"children":null}}}}}},"gauges":{"BoomBehaviour.CumulativeReward":{"count":769,"max":14.49999,"min":0,"runningAverage":12.3709955,"value":12.0000038,"weightedAverage":12.2550087}},"metadata":{"timer_format_version":"0.1.0","start_time_seconds":"1685687113","unity_version":"2021.3.19f1","command_line_arguments":"C:\\Program Files\\Unity\\Hub\\Editor\\2021.3.19f1\\Editor\\Unity.exe -projectpath C:\\Users\\Warren\\Unity\\BattleShip -useHub -hubIPC -cloudEnvironment production -licensingIpc LicenseClient-Warren -hubSessionId 0747bff0-00d9-11ee-b419-cbf24b2784cf -accessToken CaZtH8_QjSC_mNlz7R_kpoJvH06iOT-14GUrYaK9-gE00ff","communication_protocol_version":"1.5.0","com.unity.ml-agents_version":"2.0.1","scene_name":"SampleScene","end_time_seconds":"1685690833"}}