{
    "name": "root",
    "gauges": {
        "BoomBehaviour.Policy.Entropy.mean": {
            "value": 1.4658869504928589,
            "min": 1.1825120449066162,
            "max": 3.877228021621704,
            "count": 13733
        },
        "BoomBehaviour.Policy.Entropy.sum": {
            "value": 693.364501953125,
            "min": 564.2182006835938,
            "max": 2084.265625,
            "count": 13733
        },
        "BoomBehaviour.Step.mean": {
            "value": 6866460.0,
            "min": 478.0,
            "max": 6866460.0,
            "count": 13733
        },
        "BoomBehaviour.Step.sum": {
            "value": 6866460.0,
            "min": 478.0,
            "max": 6866460.0,
            "count": 13733
        },
        "BoomBehaviour.Policy.ExtrinsicValueEstimate.mean": {
            "value": 1.9458813667297363,
            "min": -0.1916973739862442,
            "max": 2.2202985286712646,
            "count": 13733
        },
        "BoomBehaviour.Policy.ExtrinsicValueEstimate.sum": {
            "value": 23.350576400756836,
            "min": -2.108671188354492,
            "max": 52.43165969848633,
            "count": 13733
        },
        "BoomBehaviour.Environment.EpisodeLength.mean": {
            "value": 66.57142857142857,
            "min": 9.928571428571429,
            "max": 97.6,
            "count": 13733
        },
        "BoomBehaviour.Environment.EpisodeLength.sum": {
            "value": 466.0,
            "min": 397.0,
            "max": 590.0,
            "count": 13733
        },
        "BoomBehaviour.Environment.CumulativeReward.mean": {
            "value": 20.221429416111537,
            "min": 4.066279522554819,
            "max": 24.533334838019478,
            "count": 13733
        },
        "BoomBehaviour.Environment.CumulativeReward.sum": {
            "value": 141.55000591278076,
            "min": 55.99999690055847,
            "max": 236.40001130104065,
            "count": 13733
        },
        "BoomBehaviour.Policy.ExtrinsicReward.mean": {
            "value": 20.221429416111537,
            "min": 4.066279522554819,
            "max": 24.533334838019478,
            "count": 13733
        },
        "BoomBehaviour.Policy.ExtrinsicReward.sum": {
            "value": 141.55000591278076,
            "min": 55.99999690055847,
            "max": 236.40001130104065,
            "count": 13733
        },
        "BoomBehaviour.IsTraining.mean": {
            "value": 1.0,
            "min": 1.0,
            "max": 1.0,
            "count": 13733
        },
        "BoomBehaviour.IsTraining.sum": {
            "value": 1.0,
            "min": 1.0,
            "max": 1.0,
            "count": 13733
        },
        "BoomBehaviour.Losses.PolicyLoss.mean": {
            "value": 0.08093562694438905,
            "min": 0.07269308915403128,
            "max": 0.10035170492591095,
            "count": 1518
        },
        "BoomBehaviour.Losses.PolicyLoss.sum": {
            "value": 0.08093562694438905,
            "min": 0.07269308915403128,
            "max": 0.10035170492591095,
            "count": 1518
        },
        "BoomBehaviour.Losses.ValueLoss.mean": {
            "value": 1.128984933429294,
            "min": 0.2586429747166457,
            "max": 1.2476609097586737,
            "count": 1518
        },
        "BoomBehaviour.Losses.ValueLoss.sum": {
            "value": 1.128984933429294,
            "min": 0.2586429747166457,
            "max": 1.2476609097586737,
            "count": 1518
        },
        "BoomBehaviour.Policy.LearningRate.mean": {
            "value": 9.931339698591711e-05,
            "min": 9.931339698591711e-05,
            "max": 9.999954520045434e-05,
            "count": 1518
        },
        "BoomBehaviour.Policy.LearningRate.sum": {
            "value": 9.931339698591711e-05,
            "min": 9.931339698591711e-05,
            "max": 9.999954520045434e-05,
            "count": 1518
        },
        "BoomBehaviour.Policy.Epsilon.mean": {
            "value": 0.1993133962993134,
            "min": 0.1993133962993134,
            "max": 0.19999954519999952,
            "count": 1518
        },
        "BoomBehaviour.Policy.Epsilon.sum": {
            "value": 0.1993133962993134,
            "min": 0.1993133962993134,
            "max": 0.19999954519999952,
            "count": 1518
        },
        "BoomBehaviour.Policy.Beta.mean": {
            "value": 0.001,
            "min": 0.001,
            "max": 0.001,
            "count": 1518
        },
        "BoomBehaviour.Policy.Beta.sum": {
            "value": 0.001,
            "min": 0.001,
            "max": 0.001,
            "count": 1518
        }
    },
    "metadata": {
        "timer_format_version": "0.1.0",
        "start_time_seconds": "1685925500",
        "python_version": "3.8.16 (default, Mar  2 2023, 03:18:16) [MSC v.1916 64 bit (AMD64)]",
        "command_line_arguments": "C:\\Users\\succu\\anaconda3\\envs\\python38\\Scripts\\mlagents-learn config/boom.yaml --run-id=Test19",
        "mlagents_version": "0.30.0",
        "mlagents_envs_version": "0.30.0",
        "communication_protocol_version": "1.5.0",
        "pytorch_version": "1.7.1+cu110",
        "numpy_version": "1.21.2",
        "end_time_seconds": "1685999552"
    },
    "total": 74052.49173359999,
    "count": 1,
    "self": 0.008879299988620915,
    "children": {
        "run_training.setup": {
            "total": 0.0831563999999998,
            "count": 1,
            "self": 0.0831563999999998
        },
        "TrainerController.start_learning": {
            "total": 74052.39969790001,
            "count": 1,
            "self": 178.36483607669652,
            "children": {
                "TrainerController._reset_env": {
                    "total": 20.1684321,
                    "count": 1,
                    "self": 20.1684321
                },
                "TrainerController.advance": {
                    "total": 73853.7702560233,
                    "count": 6964181,
                    "self": 158.28060332417954,
                    "children": {
                        "env_step": {
                            "total": 68113.22941251013,
                            "count": 6964181,
                            "self": 41593.857309399216,
                            "children": {
                                "SubprocessEnvManager._take_step": {
                                    "total": 26408.32963330547,
                                    "count": 6964181,
                                    "self": 498.34815889825404,
                                    "children": {
                                        "TorchPolicy.evaluate": {
                                            "total": 25909.981474407217,
                                            "count": 6866777,
                                            "self": 25909.981474407217
                                        }
                                    }
                                },
                                "workers": {
                                    "total": 111.04246980544133,
                                    "count": 6964180,
                                    "self": 0.0,
                                    "children": {
                                        "worker_root": {
                                            "total": 73769.80780250097,
                                            "count": 6964180,
                                            "is_parallel": true,
                                            "self": 39432.87448679899,