{
    "name": "root",
    "gauges": {
        "BoomBehaviour.Policy.Entropy.mean": {
            "value": 2.1131505966186523,
            "min": 1.741159439086914,
            "max": 3.8475005626678467,
            "count": 1944
        },
        "BoomBehaviour.Policy.Entropy.sum": {
            "value": 1050.23583984375,
            "min": 826.0643310546875,
            "max": 2043.22998046875,
            "count": 1944
        },
        "BoomBehaviour.Step.mean": {
            "value": 971955.0,
            "min": 489.0,
            "max": 971955.0,
            "count": 1944
        },
        "BoomBehaviour.Step.sum": {
            "value": 971955.0,
            "min": 489.0,
            "max": 971955.0,
            "count": 1944
        },
        "BoomBehaviour.Policy.ExtrinsicValueEstimate.mean": {
            "value": 1.1210355758666992,
            "min": 0.2504558563232422,
            "max": 2.022503137588501,
            "count": 1944
        },
        "BoomBehaviour.Policy.ExtrinsicValueEstimate.sum": {
            "value": 13.45242691040039,
            "min": 2.755014419555664,
            "max": 25.446748733520508,
            "count": 1944
        },
        "BoomBehaviour.Environment.EpisodeLength.mean": {
            "value": 81.83333333333333,
            "min": 58.875,
            "max": 97.0,
            "count": 1944
        },
        "BoomBehaviour.Environment.EpisodeLength.sum": {
            "value": 491.0,
            "min": 406.0,
            "max": 586.0,
            "count": 1944
        },
        "BoomBehaviour.Environment.CumulativeReward.mean": {
            "value": 16.741667071978252,
            "min": 11.199999666213989,
            "max": 20.76875114440918,
            "count": 1944
        },
        "BoomBehaviour.Environment.CumulativeReward.sum": {
            "value": 100.4500024318695,
            "min": 55.999998331069946,
            "max": 166.15000915527344,
            "count": 1944
        },
        "BoomBehaviour.Policy.ExtrinsicReward.mean": {
            "value": 16.741667071978252,
            "min": 11.199999666213989,
            "max": 20.76875114440918,
            "count": 1944
        },
        "BoomBehaviour.Policy.ExtrinsicReward.sum": {
            "value": 100.4500024318695,
            "min": 55.999998331069946,
            "max": 166.15000915527344,
            "count": 1944
        },
        "BoomBehaviour.IsTraining.mean": {
            "value": 1.0,
            "min": 1.0,
            "max": 1.0,
            "count": 1944
        },
        "BoomBehaviour.IsTraining.sum": {
            "value": 1.0,
            "min": 1.0,
            "max": 1.0,
            "count": 1944
        },
        "BoomBehaviour.Losses.PolicyLoss.mean": {
            "value": 0.09399010878524325,
            "min": 0.08488371408887642,
            "max": 0.10551776524665243,
            "count": 214
        },
        "BoomBehaviour.Losses.PolicyLoss.sum": {
            "value": 0.09399010878524325,
            "min": 0.08488371408887642,
            "max": 0.10551776524665243,
            "count": 214
        },
        "BoomBehaviour.Losses.ValueLoss.mean": {
            "value": 0.5839427325393067,
            "min": 0.22595204150739032,
            "max": 0.7388790709839466,
            "count": 214
        },
        "BoomBehaviour.Losses.ValueLoss.sum": {
            "value": 0.5839427325393067,
            "min": 0.22595204150739032,
            "max": 0.7388790709839466,
            "count": 214
        },
        "BoomBehaviour.Policy.LearningRate.mean": {
            "value": 9.990323599666735e-05,
            "min": 9.990323599666735e-05,
            "max": 9.999954890045065e-05,
            "count": 214
        },
        "BoomBehaviour.Policy.LearningRate.sum": {
            "value": 9.990323599666735e-05,
            "min": 9.990323599666735e-05,
            "max": 9.999954890045065e-05,
            "count": 214
        },
        "BoomBehaviour.Policy.Epsilon.mean": {
            "value": 0.19990323589990328,
            "min": 0.19990323589990328,
            "max": 0.19999954889999952,
            "count": 214
        },
        "BoomBehaviour.Policy.Epsilon.sum": {
            "value": 0.19990323589990328,
            "min": 0.19990323589990328,
            "max": 0.19999954889999952,
            "count": 214
        },
        "BoomBehaviour.Policy.Beta.mean": {
            "value": 0.0029999999999999996,
            "min": 0.0029999999999999996,
            "max": 0.0029999999999999996,
            "count": 214
        },
        "BoomBehaviour.Policy.Beta.sum": {
            "value": 0.0029999999999999996,
            "min": 0.0029999999999999996,
            "max": 0.0029999999999999996,
            "count": 214
        }
    },
    "metadata": {
        "timer_format_version": "0.1.0",
        "start_time_seconds": "1686110468",
        "python_version": "3.8.16 (default, Mar  2 2023, 03:18:16) [MSC v.1916 64 bit (AMD64)]",
        "command_line_arguments": "C:\\Users\\Warren\\anaconda3\\envs\\Python38\\Scripts\\mlagents-learn config/boom.yaml --run-id=Test30",
        "mlagents_version": "0.30.0",
        "mlagents_envs_version": "0.30.0",
        "communication_protocol_version": "1.5.0",
        "pytorch_version": "1.7.1+cu110",
        "numpy_version": "1.21.2",
        "end_time_seconds": "1686119371"
    },
    "total": 8903.1940999,
    "count": 1,
    "self": 0.007239800001116237,
    "children": {
        "run_training.setup": {
            "total": 0.09967599999999988,
            "count": 1,
            "self": 0.09967599999999988
        },
        "TrainerController.start_learning": {
            "total": 8903.087184099999,
            "count": 1,
            "self": 18.814635700244253,
            "children": {
                "TrainerController._reset_env": {
                    "total": 7.5597317,
                    "count": 1,
                    "self": 7.5597317
                },
                "TrainerController.advance": {
                    "total": 8876.615033199756,
                    "count": 984247,
                    "self": 17.701194599674636,
                    "children": {
                        "env_step": {
                            "total": 7958.907323600191,
                            "count": 984247,
                            "self": 5523.274918600951,
                            "children": {
                                "SubprocessEnvManager._take_step": {
                                    "total": 2423.4429139998433,
                                    "count": 984247,
                                    "self": 47.209289399680074,
                                    "children": {
                                        "TorchPolicy.evaluate": {
                                            "total": 2376.2336246001632,
                                            "count": 972185,
                                            "self": 2376.2336246001632
                                        }
                                    }
                                },
                                "workers": {
                                    "total": 12.189490999397256,
                                    "count": 984246,
                                    "self": 0.0,
                                    "children": {
                                        "worker_root": {
                                            "total": 8809.495628300112,
                                            "count": 984246,
                                            "is_parallel": true,
                                            "self": 4200.5356908007625,